Brancher,Year,Value
"Agriculture, forestry, and fishing",1990,16687
Households,1990,12275
Industry,1990,8749
Other,1990,4074
Total,1990,87875
Total Industries,1990,75558
"Trade and transport, etc.",1990,16509
Utility services,1990,29540
"Agriculture, forestry, and fishing",1991,16682
Households,1991,12628
Industry,1991,9290
Other,1991,4689
Total,1991,100473
Total Industries,1991,87784
"Trade and transport, etc.",1991,18495
Utility services,1991,38628
"Agriculture, forestry, and fishing",1992,16436
Households,1992,11986
Industry,1992,9387
Other,1992,4521
Total,1992,92497
Total Industries,1992,80421
"Trade and transport, etc.",1992,16552
Utility services,1992,33525
"Agriculture, forestry, and fishing",1993,16371
Households,1993,12753
Industry,1993,9382
Other,1993,4383
Total,1993,97648
Total Industries,1993,84688
"Trade and transport, etc.",1993,19353
Utility services,1993,35198
"Agriculture, forestry, and fishing",1994,16194
Households,1994,12249
Industry,1994,9510
Other,1994,4356
Total,1994,99679
Total Industries,1994,87155
"Trade and transport, etc.",1994,17683
Utility services,1994,39410
"Agriculture, forestry, and fishing",1995,16270
Households,1995,12604
Industry,1995,10301
Other,1995,4257
Total,1995,98246
Total Industries,1995,85642
"Trade and transport, etc.",1995,18863
Utility services,1995,35951
"Agriculture, forestry, and fishing",1996,15903
Households,1996,13089
Industry,1996,10355
Other,1996,4594
Total,1996,111701
Total Industries,1996,98612
"Trade and transport, etc.",1996,19035
Utility services,1996,48726
"Agriculture, forestry, and fishing",1997,15797
Households,1997,12723
Industry,1997,9948
Other,1997,5199
Total,1997,103726
Total Industries,1997,91004
"Trade and transport, etc.",1997,20373
Utility services,1997,39687
"Agriculture, forestry, and fishing",1998,15766
Households,1998,12454
Industry,1998,9764
Other,1998,5243
Total,1998,103754
Total Industries,1998,91299
"Trade and transport, etc.",1998,24335
Utility services,1998,36192
"Agriculture, forestry, and fishing",1999,15373
Households,1999,12699
Industry,1999,9800
Other,1999,6140
Total,1999,100554
Total Industries,1999,87855
"Trade and transport, etc.",1999,23295
Utility services,1999,33246
"Agriculture, forestry, and fishing",2000,15440
Households,2000,12555
Industry,2000,9677
Other,2000,5774
Total,2000,99970
Total Industries,2000,87415
"Trade and transport, etc.",2000,26563
Utility services,2000,29959
"Agriculture, forestry, and fishing",2001,15459
Households,2001,12834
Industry,2001,9749
Other,2001,5854
Total,2001,101159
Total Industries,2001,88325
"Trade and transport, etc.",2001,25690
Utility services,2001,31575
"Agriculture, forestry, and fishing",2002,15401
Households,2002,12734
Industry,2002,9178
Other,2002,5953
Total,2002,102590
Total Industries,2002,89857
"Trade and transport, etc.",2002,27206
Utility services,2002,32119
"Agriculture, forestry, and fishing",2003,15131
Households,2003,12997
Industry,2003,9149
Other,2003,6159
Total,2003,112372
Total Industries,2003,99375
"Trade and transport, etc.",2003,31362
Utility services,2003,37573
"Agriculture, forestry, and fishing",2004,15018
Households,2004,12980
Industry,2004,9094
Other,2004,6565
Total,2004,108346
Total Industries,2004,95366
"Trade and transport, etc.",2004,32792
Utility services,2004,31899
"Agriculture, forestry, and fishing",2005,14812
Households,2005,13213
Industry,2005,8236
Other,2005,6594
Total,2005,112535
Total Industries,2005,99322
"Trade and transport, etc.",2005,40923
Utility services,2005,28756
"Agriculture, forestry, and fishing",2006,14544
Households,2006,13313
Industry,2006,8469
Other,2006,6488
Total,2006,130295
Total Industries,2006,116983
"Trade and transport, etc.",2006,50998
Utility services,2006,36484
"Agriculture, forestry, and fishing",2007,14625
Households,2007,13690
Industry,2007,8332
Other,2007,6694
Total,2007,127757
Total Industries,2007,114067
"Trade and transport, etc.",2007,52471
Utility services,2007,31944
"Agriculture, forestry, and fishing",2008,14499
Households,2008,13682
Industry,2008,7595
Other,2008,6175
Total,2008,122052
Total Industries,2008,108370
"Trade and transport, etc.",2008,50165
Utility services,2008,29936
"Agriculture, forestry, and fishing",2009,14270
Households,2009,13364
Industry,2009,6444
Other,2009,5734
Total,2009,115798
Total Industries,2009,102435
"Trade and transport, etc.",2009,45854
Utility services,2009,30132
"Agriculture, forestry, and fishing",2010,14238
Households,2010,13756
Industry,2010,6514
Other,2010,5949
Total,2010,116647
Total Industries,2010,102891
"Trade and transport, etc.",2010,44173
Utility services,2010,32016
"Agriculture, forestry, and fishing",2011,14222
Households,2011,12999
Industry,2011,6804
Other,2011,5495
Total,2011,115322
Total Industries,2011,102323
"Trade and transport, etc.",2011,47012
Utility services,2011,28791
"Agriculture, forestry, and fishing",2012,14009
Households,2012,12676
Industry,2012,6427
Other,2012,5487
Total,2012,108377
Total Industries,2012,95701
"Trade and transport, etc.",2012,44099
Utility services,2012,25679
"Agriculture, forestry, and fishing",2013,14024
Households,2013,12702
Industry,2013,6012
Other,2013,5427
Total,2013,106517
Total Industries,2013,93815
"Trade and transport, etc.",2013,39642
Utility services,2013,28710
"Agriculture, forestry, and fishing",2014,13976
Households,2014,12102
Industry,2014,5865
Other,2014,5249
Total,2014,100921
Total Industries,2014,88819
"Trade and transport, etc.",2014,39213
Utility services,2014,24516
"Agriculture, forestry, and fishing",2015,13909
Households,2015,12892
Industry,2015,5980
Other,2015,5443
Total,2015,105187
Total Industries,2015,92295
"Trade and transport, etc.",2015,45478
Utility services,2015,21484
"Agriculture, forestry, and fishing",2016,14100
Households,2016,13175
Industry,2016,6201
Other,2016,5317
Total,2016,111727
Total Industries,2016,98552
"Trade and transport, etc.",2016,49242
Utility services,2016,23691
"Agriculture, forestry, and fishing",2017,14042
Households,2017,12920
Industry,2017,6552
Other,2017,5483
Total,2017,112360
Total Industries,2017,99440
"Trade and transport, etc.",2017,50011
Utility services,2017,23353
"Agriculture, forestry, and fishing",2018,13916
Households,2018,12786
Industry,2018,6499
Other,2018,5277
Total,2018,112867
Total Industries,2018,100081
"Trade and transport, etc.",2018,52008
Utility services,2018,22383
"Agriculture, forestry, and fishing",2019,13743
Households,2019,12346
Industry,2019,6455
Other,2019,5033
Total,2019,109488
Total Industries,2019,97142
"Trade and transport, etc.",2019,52456
Utility services,2019,19455
"Agriculture, forestry, and fishing",2020,13884
Households,2020,10879
Industry,2020,6427
Other,2020,4692
Total,2020,98374
Total Industries,2020,87495
"Trade and transport, etc.",2020,43636
Utility services,2020,18856
"Agriculture, forestry, and fishing",2021,13710
Households,2021,10893
Industry,2021,6725
Other,2021,4865
Total,2021,109473
Total Industries,2021,98580
"Trade and transport, etc.",2021,50898
Utility services,2021,22383
"Agriculture, forestry, and fishing",2022,13519
Households,2022,9815
Industry,2022,6397
Other,2022,4670
Total,2022,100407
Total Industries,2022,90592
"Trade and transport, etc.",2022,45452
Utility services,2022,20555
"Agriculture, forestry, and fishing",2023,13311
Households,2023,9570
Industry,2023,5740
Other,2023,4697
Total,2023,98338
Total Industries,2023,88769
"Trade and transport, etc.",2023,45589
"Utility services",2023,19431
